{
    "loss": [
        2.350529670715332,
        2.0256736278533936,
        1.8616524934768677,
        1.7484583854675293,
        1.679272174835205,
        1.6441514492034912,
        1.6174240112304688,
        1.591212272644043,
        1.5677191019058228,
        1.545371413230896,
        1.5236421823501587,
        1.5030759572982788,
        1.4830724000930786,
        1.463212490081787,
        1.4437649250030518,
        1.4246805906295776,
        1.406388521194458,
        1.3882269859313965,
        1.3707252740859985,
        1.3544254302978516,
        1.3374929428100586,
        1.3210597038269043,
        1.305808663368225,
        1.2921324968338013,
        1.2782816886901855,
        1.2653089761734009,
        1.2540639638900757,
        1.2422391176223755,
        1.2295399904251099,
        1.2168619632720947,
        1.2033926248550415,
        1.1903847455978394,
        1.1785056591033936,
        1.166594386100769,
        1.1563314199447632,
        1.1453723907470703,
        1.1347756385803223,
        1.1254295110702515,
        1.1161748170852661,
        1.107450008392334,
        1.0993316173553467,
        1.0928640365600586,
        1.0855400562286377,
        1.0789002180099487,
        1.0732818841934204,
        1.066125512123108,
        1.059299111366272,
        1.051824927330017,
        1.0440030097961426,
        1.0373939275741577
    ],
    "accuracy": [
        0.25733286142349243,
        0.34232470393180847,
        0.38124704360961914,
        0.4086747169494629,
        0.42825451493263245,
        0.44381532073020935,
        0.456270307302475,
        0.46701109409332275,
        0.47676822543144226,
        0.4856608211994171,
        0.49416184425354004,
        0.5019596219062805,
        0.5097023248672485,
        0.5172032713890076,
        0.524477481842041,
        0.5315064787864685,
        0.5382694602012634,
        0.545027494430542,
        0.551741361618042,
        0.5574948787689209,
        0.563635528087616,
        0.5698968172073364,
        0.575445830821991,
        0.5806633830070496,
        0.585972249507904,
        0.5913069248199463,
        0.5958331227302551,
        0.6009777188301086,
        0.6051927208900452,
        0.6100673079490662,
        0.6146947741508484,
        0.6192770600318909,
        0.6232563257217407,
        0.6271130442619324,
        0.6309012174606323,
        0.6347877383232117,
        0.6380379796028137,
        0.6414965987205505,
        0.644599437713623,
        0.6477940678596497,
        0.6512031555175781,
        0.6538324952125549,
        0.6568713188171387,
        0.6596059203147888,
        0.6617414355278015,
        0.6645911931991577,
        0.6666076183319092,
        0.6689535975456238,
        0.6718514561653137,
        0.6740003824234009
    ],
    "val_loss": [
        2.0353546142578125,
        1.8452041149139404,
        1.735673189163208,
        1.6806360483169556,
        1.6584686040878296,
        1.6569536924362183,
        1.6524889469146729,
        1.6512900590896606,
        1.6488966941833496,
        1.6521849632263184,
        1.6562907695770264,
        1.6653355360031128,
        1.6722255945205688,
        1.6803996562957764,
        1.6819475889205933,
        1.6960554122924805,
        1.7094591856002808,
        1.7167524099349976,
        1.7199664115905762,
        1.7361915111541748,
        1.7455263137817383,
        1.7550437450408936,
        1.760063648223877,
        1.7746421098709106,
        1.7768843173980713,
        1.8017001152038574,
        1.8136255741119385,
        1.8207170963287354,
        1.837092638015747,
        1.8513951301574707,
        1.8687334060668945,
        1.8615936040878296,
        1.8871500492095947,
        1.9051170349121094,
        1.8981444835662842,
        1.9130266904830933,
        1.9358744621276855,
        1.925761342048645,
        1.9478501081466675,
        1.9600342512130737,
        1.9823321104049683,
        1.9805220365524292,
        1.9902844429016113,
        1.9956640005111694,
        2.0283098220825195,
        2.022339105606079,
        2.0299699306488037,
        2.040391206741333,
        2.0468204021453857,
        2.047130584716797
    ],
    "val_accuracy": [
        0.3292708992958069,
        0.3719421327114105,
        0.3989359140396118,
        0.41624170541763306,
        0.4226193428039551,
        0.42806607484817505,
        0.43131959438323975,
        0.436015248298645,
        0.43662428855895996,
        0.4387796223163605,
        0.4394107758998871,
        0.4392940104007721,
        0.43785184621810913,
        0.4362708628177643,
        0.438549280166626,
        0.4368830621242523,
        0.4363623857498169,
        0.43661797046661377,
        0.435519814491272,
        0.43012672662734985,
        0.434383749961853,
        0.4304864704608917,
        0.43152153491973877,
        0.42945772409439087,
        0.4302845299243927,
        0.42980802059173584,
        0.4279272258281708,
        0.4281386435031891,
        0.4238658547401428,
        0.42512181401252747,
        0.42416563630104065,
        0.4237522482872009,
        0.4212908148765564,
        0.4218398928642273,
        0.42123401165008545,
        0.41974136233329773,
        0.41887038946151733,
        0.4189934730529785,
        0.4190407991409302,
        0.41938161849975586,
        0.4155443012714386,
        0.4171978831291199,
        0.4151245951652527,
        0.41550326347351074,
        0.41396644711494446,
        0.41450291872024536,
        0.41037842631340027,
        0.41091489791870117,
        0.41356566548347473,
        0.4111168682575226
    ]
}